,dt,type,query
0,2025-05-24 14:54:32,family,Adoption service
1,2025-07-22 15:31:56,counselling and emotional support,child 12 years old feeling anxious about exams. looking for mental health help
2,2025-07-18 16:05:19,financial assistance,Do I have to be Singaporean to get ComCare?
3,2025-05-15 02:12:07,elderly,I am Caregiver looking for Caregiver Support. care corner only
4,2025-08-19 04:14:32,counselling and emotional support,I am Child or Youth looking for Social Work & Casework that offers Social Work Services
5,2025-06-11 15:30:29,mental health,I am Low-Income Individual or Family looking for Housing Assistance that offers Mental Health Support
6,2025-08-23 07:08:48,financial assistance,"my client, a low income family needed donated furniture for new rental flat"
7,2025-07-05 10:37:13,low income,Financial support
8,2025-07-29 02:37:50,counselling and emotional support,I am In Need of Legal Aid for divorce
9,2025-06-08 05:40:00,elderly,I am Elderly (Senior) looking for Financial Assistance Programs
10,2025-07-22 15:32:04,education support,"I currently in my 30s and I am looking to go back to school to continue my studies, are there any schemes that can help me?"
11,2025-07-19 05:41:30,elderly,My mother is 60 and has dementia. She lives with me and I am her full time caregiver. What support is there for families caring for seniors with dementia?
12,2025-05-26 02:27:52,homelessness support,"I am a social worker seeking support for a 42 year old male, who is living in his car, while working as a private car hire, homeless or in Need of Shelter looking for Shelter Services that offers Housing Assistance. "
13,2025-08-20 12:41:44,financial assistance,I am pregnant and low-income
14,2025-07-18 16:19:51,family,My child was born overseas but we're Singaporeans. Can we still get the Baby Bonus?
15,2025-06-10 02:17:18,mental health,I need crisis support
16,2025-07-18 16:34:11,counselling and emotional support,My wife passed away recently and I’m left alone with no income. What can I do?
17,2025-08-08 05:39:21,counselling and emotional support,carecorners
18,2025-07-22 15:03:32,counselling and emotional support,"client in her 40s, looking for mental health help in toa payoh region"
19,2025-06-12 22:39:01,low income,I am Caregiver looking for Financial Assistance Programs that offers Employment Support
20,2025-08-06 06:24:41,financial assistance,transport vouchers
21,2025-07-19 05:20:08,financial assistance,I have no CPF savings at all and I live alone. I'm worried about paying for food and bills each month.
22,2025-08-08 03:44:50,financial assistance,I am Person with Disabilities or Special Needs looking for Financial Assistance Programs that offers Financial Assistance
23,2025-07-22 15:46:31,financial assistance,I am 54 and my income is irregular and low. I don't think I have enough to retire. Are there any financial schemes that can support me?
24,2025-07-23 11:27:38,financial assistance,i injured my wrist and have been asked to take an MRI. what support is available for me?
25,2025-07-19 04:37:12,financial assistance,I'm a 25-year-old fresh graduate who can't find a job yet. Can I get help with living expenses?
26,2025-08-24 07:14:58,financial assistance,I am looking for scheme that offers Financial Assistance
27,2025-07-18 15:29:48,financial assistance,I'm 50 and working as a cleaner but my income has dropped. I also have joint pain making it hard to work.
28,2025-06-28 04:33:30,low income,I am Low-Income Individual or Family looking for Healthcare Services that offers Education Opportunities
29,2025-07-07 10:42:13,financial assistance,I am Low-Income Individual or Family looking for Education Programs
30,2025-07-22 01:49:03,counselling and emotional support,Im looking for family services centres
31,2025-08-07 01:08:36,counselling and emotional support,I want to find jobs 
32,2025-07-14 03:45:55,counselling and emotional support,I am Person with Disabilities or Special Needs looking for Shelter Services
33,2025-07-19 06:17:29,counselling and emotional support,I'm a first-time parent and honestly I have no idea what I'm doing. Is there anywhere to get advice?
34,2025-07-29 09:40:23,counselling and emotional support,i need help w vaping addiction
35,2025-07-19 04:51:36,financial assistance,"I'm a 60-year-old man with diabetes and high blood pressure. My wife and I live in a 2-room flat on our combined part-time wages, but we struggle with clinic bills and groceries. What can we do?"
36,2025-07-19 05:34:35,financial assistance,Can I use my SkillsFuture Credit for online courses? I'm thinking of upgrading while at home.
37,2025-06-11 23:51:55,mental health,i'm addicted to sex
38,2025-08-06 02:57:14,financial assistance,I am Person with Disabilities or Special Needs looking for Housing Assistance
39,2025-06-29 06:55:36,elderly,I am looking for Caregiver Support
40,2025-07-18 16:05:45,counselling and emotional support,I’m 38 and just started caring for my wife full-time. She needs help with everything after her surgery. I had to leave my job to become a full time caregiver to take care of my wife.
41,2025-06-06 04:52:35,ex-offender,I am Ex-Offender or Incarcerated Individual looking for Mental Health Support that offers Mental Health Support
42,2025-07-15 08:09:43,financial assistance,I am looking for scheme that offers Housing Assistance
43,2025-07-19 05:56:08,counselling and emotional support,My son is using drugs and I don't know what to do anymore. I'm so scared.
44,2025-06-22 05:16:35,low income,I am Low-Income Individual or Family looking for Financial Assistance Programs that offers Financial Assistance
45,2025-07-18 15:58:38,education support,I'm an adult thinking of going back to school but worried about cost.
46,2025-05-12 14:40:37,low income,I am in need of financial assistance
47,2025-07-06 14:11:11,elderly,I am Elderly (Senior) looking for Shelter Services
48,2025-07-19 05:49:01,counselling and emotional support,I'm a single man in my 40s and I don't really have friends or family here. I feel very isolated.
49,2025-07-28 13:37:56,counselling and emotional support,I am looking for scheme that offers Social Work Services
50,2025-07-16 01:27:43,financial assistance,I am Low-Income Individual or Family looking for Financial Assistance Programs that offers Housing Assistance
51,2025-06-18 10:22:01,low income,I am Experiencing Abuse or Violence looking for Food Support that offers Financial Assistance
52,2025-06-26 07:56:32,mental health,I am looking for Mental Health Support
53,2025-06-26 08:18:00,mental health,I am Facing Mental Health Challenges looking for Mental Health Support that offers Mental Health Support
54,2025-07-18 15:15:44,financial assistance,I'm a single mother with a toddler in childcare. My pay is so low I can't even pay the fees anymore.
55,2025-07-14 17:36:30,counselling and emotional support,need shelter after incarceration before applying for house
56,2025-08-24 07:29:33,family,I am Parent or Family Member
57,2025-08-23 02:44:25,counselling and emotional support,I am Child or Youth looking for Employment Assistance that offers Employment Support
58,2025-05-25 07:51:34,transport,public transport
59,2025-07-14 03:46:09,counselling and emotional support,I am looking for Shelter Services
60,2025-07-22 15:32:29,counselling and emotional support,child 14 years old feeling anxious about exams. looking for mental health help
61,2025-07-18 15:01:28,counselling and emotional support,My 6-year-old son was recently diagnosed with autism. I’ve had to reduce my work hours to care for him and am struggling with transport and therapy costs. What kind of support is available for families like mine?
62,2025-06-21 08:31:09,mental health,i am a isolated person
63,2025-07-20 07:49:37,counselling and emotional support,i need assistance
64,2025-06-03 00:52:55,elderly,Accommodation assistance for elderly divorced PR
65,2025-07-18 15:30:08,financial assistance,I'm 50 and working as a cleaner but my income has dropped. I also have joint pain making it hard to work.
66,2025-07-16 02:25:05,counselling and emotional support,I am Elderly (Senior) looking for Mental Health Support
67,2025-05-25 07:37:18,low income,I am Low-Income Individual or Family looking for Financial Assistance Programs
68,2025-06-07 04:44:25,mental health,I am looking for counselling therapy for a teenager
69,2025-06-21 08:38:21,elderly,"I am Elderly (Senior) with a family of 7, who need financial assistanec "
70,2025-07-19 06:24:56,financial assistance,I'm worried about the cost of training courses. How can I afford to upskill?
71,2025-07-19 04:44:43,financial assistance,Is there any help with paying for home internet or broadband for students?
72,2025-07-22 15:11:06,counselling and emotional support,client needs mandarin counselling hotline
73,2025-07-19 04:59:04,financial assistance,I'm 45 and just lost my retail job. I live alone in a small flat and can't pay for food or utilities this month.
74,2025-07-30 22:03:59,counselling and emotional support,I am Ex-Offender or Incarcerated Individual looking for Financial Assistance Programs that offers Financial Assistance
75,2025-07-19 05:13:26,family,"I'm 68, living alone in a rental flat. No children or family support, and my savings are all used up."
76,2025-05-27 06:44:56,housing,assistance for buying and selling flat
77,2025-07-26 07:14:00,financial assistance,I am looking for scheme that offers Housing Assistance
78,2025-06-06 03:41:17,elderly,I am Elderly (Senior) looking for Transport Services that offers Housing Assistance
79,2025-08-19 02:56:30,counselling and emotional support,I am Facing End-of-Life or Terminal Illness looking for Legal Aid Services that offers Legal Aid Services
80,2025-06-19 07:50:44,mental health,"I am Child or Youth looking for Mental Health Support, teen support"
81,2025-08-01 01:37:37,counselling and emotional support,i am a youth offender who needs rehab intervention
82,2025-05-22 04:13:25,family,I am Ex-Offender or Incarcerated Individual looking for Shelter Services that offers Social Work Services
83,2025-06-03 09:21:18,family,I am Woman in Need of Support looking for Social Work & Casework that offers Social Work Services for domestic violence
84,2025-07-19 05:42:07,financial assistance,Do I have to declare my child's CDA savings if I apply for ComCare?
85,2025-06-17 08:50:24,low income,free meal
86,2025-07-18 15:08:49,counselling and emotional support,My husband passed away recently. I'm 58 and living in our HDB flat alone. I don’t know how to transfer ownership and I’m worried about bills since I have no steady income.
87,2025-08-09 06:21:42,counselling and emotional support,I am Experiencing Abuse or Violence looking for Shelter Services that offers Legal Aid Services
88,2025-08-06 02:57:40,persons with disabilities (pwd),I am Person with Disabilities or Special Needs looking for Transport Services that offers Transport Mobility Support
89,2025-07-18 15:23:11,financial assistance,I quit my job to care full-time for my elderly mother with dementia. We have no other income. What support can I get?
90,2025-06-13 11:25:33,mental health,I am Child or Youth looking for Mental Health Support
91,2025-07-18 15:51:52,financial assistance,Is there any subsidy for dental treatment?
92,2025-07-18 15:44:43,financial assistance,How does the CHAS card work for clinic bills?
93,2025-07-13 08:48:19,financial assistance,I am looking for Housing Assistance
94,2025-07-29 03:35:52,counselling and emotional support,I am a PWD.
95,2025-07-07 01:45:57,counselling and emotional support,I am a pregnant teenager
96,2025-06-06 03:27:09,ex-offender,I am Ex-Offender or Incarcerated Individual looking for Education Programs that offers Transport Mobility Support
97,2025-06-04 01:20:41,elderly,Hello
98,2025-07-03 08:53:04,elderly,I am Elderly (Senior) looking for Food Support that offers Disability Support
99,2025-05-15 04:29:03,elderly,"- client married to wife
- wife is currently suspected to have dementia 
- client is facing caregiver burnout and emotional distress about wife's cognitive decline 
- free services would be better"
100,2025-05-28 01:21:51,mental health,I need counseling services and live in Banda street
101,2025-05-18 18:37:21,low income,I am Low-Income Individual or Family looking for Housing Assistance that offers Financial Assistance
102,2025-05-15 04:07:37,mental health,I am Facing Mental Health Challenges. need free counselling sessions for depression.
103,2025-06-09 06:22:36,elderly,I am an elderly needing financial support
104,2025-06-11 02:31:10,mental health,I am Child or Youth looking for Mental Health Support that offers Mental Health Support
105,2025-05-18 18:44:32,elderly,I am Parent or Family Member looking for Employment Assistance that offers Caregiver Assistance
106,2025-06-19 09:38:21,elderly,I am a stroke survivor looking for home ownership 
107,2025-06-06 03:41:33,youth,I am Child or Youth
108,2025-06-15 10:33:13,mental health,I am Facing Mental Health Challenges looking for Mental Health Support that offers Caregiver Assistance
109,2025-06-03 02:19:14,elderly,I am Elderly (Senior) looking for Housing Assistance that offers Food Support
110,2025-07-18 02:01:40,counselling and emotional support,我不要回家
111,2025-07-18 16:20:42,financial assistance,What's the difference between CHAS and MediSave?
112,2025-05-27 05:12:13,family,I am Low-Income Individual or Family looking for Healthcare Services that offers Legal Aid Services
113,2025-07-19 05:56:45,counselling and emotional support,I want to get clean but I'm scared. I don't know where to start.
114,2025-07-19 06:18:14,family,I'm a single mum with a toddler. I feel so stressed trying to do everything alone.
115,2025-06-16 11:00:46,family,I am Child or Youth looking for Social Work & Casework
116,2025-08-01 01:37:59,counselling and emotional support,I am Facing Mental Health Challenges looking for Mental Health Support that offers Mental Health Support
117,2025-07-22 15:25:54,counselling and emotional support,client needs mental health help and wants a service nearest to 312062
118,2025-08-01 01:59:29,financial assistance,I need financial assistance for school fees
119,2025-07-19 05:06:42,counselling and emotional support,I'm over 65 and someone told me I can get Silver Support. Do I have to apply?
120,2025-07-22 09:28:00,counselling and emotional support,client needs mandarin hotline counselling
121,2025-05-13 05:57:33,family,I am Low-Income Individual or Family and i need daycare services
122,2025-07-18 15:30:41,education support,My son is starting Primary 1 next year. I'm really worried about how to pay for all the school expenses.
123,2025-05-15 03:53:31,mental health,free mental health services for 32 year old with depression. living in toa payoh. 
124,2025-07-22 08:16:28,elderly,I am Elderly (Senior) looking for Social Work & Casework
125,2025-06-04 01:20:58,low income,Looking for financial help for kids
126,2025-07-19 04:38:08,financial assistance,I just had a baby and need help paying for baby items.
127,2025-07-22 02:40:04,counselling and emotional support,Family violence support
128,2025-06-11 08:22:10,low income,I am Low-Income Individual or Family looking for Education Programs that offers Education Opportunities
129,2025-07-27 06:16:02,financial assistance,I am Elderly (Senior) looking for scheme that offers Financial Assistance
130,2025-05-13 02:15:42,low income,I am Low-Income Individual or Family need money
131,2025-06-03 02:12:17,low income,Looking for financial assistance 
132,2025-05-15 01:30:24,mental health,I am Dealing with Addictions or Recovery. where can i find help?
133,2025-05-14 07:15:11,low income,can you speak tamil
134,2025-06-07 06:53:53,mental health,I am pregnant and I am a man
135,2025-07-19 04:45:21,counselling and emotional support,I'm a caregiver for my bedridden father. I can't work because he needs help all day.
136,2025-07-22 13:24:21,financial assistance,I am Person with Disabilities or Special Needs looking for Housing Assistance
137,2025-07-12 06:05:14,counselling and emotional support,remote jobs
138,2025-05-18 10:45:13,elderly,I am in need of elderly care but no live in
139,2025-07-19 06:25:35,financial assistance,I want to take online courses but I'm not sure if SkillsFuture covers them.
140,2025-07-22 08:59:31,counselling and emotional support,I need manadarin counselling
141,2025-06-19 02:43:29,family,I am Woman in Need of Support looking for Employment Assistance that offers Employment Support
142,2025-08-22 01:56:15,financial assistance,I am foreigner child enrolling in P1 in 2026 from a transnational family looking for education fee assistance 
143,2025-05-25 08:42:25,low income,I am looking for Housing Assistance
144,2025-06-11 23:38:33,family,I am Child or Youth looking for Financial Assistance Programs that offers Social Work Services
145,2025-07-11 09:55:34,financial assistance,aspiring entrepreneur grants available
146,2025-08-08 04:36:02,counselling and emotional support,i am a caregiver for a son with autism. i need support
147,2025-06-03 00:53:40,homelessness support,Shelter for single
148,2025-07-20 07:28:54,financial assistance,i need money
149,2025-06-11 05:37:42,low income,I am Low-Income Individual or Family looking for Education Programs that offers Financial Assistance
150,2025-06-06 03:27:38,healthcare,I am Migrant or Foreign Worker looking for Healthcare Services that offers Housing Assistance
151,2025-06-28 02:54:24,elderly,I am Elderly (Senior) looking for Healthcare Services that offers Financial Assistance
152,2025-06-03 03:16:54,mental health,I am Facing Mental Health Challenges looking for Mental Health Support that offers Mental Health Support
153,2025-07-18 15:45:15,financial assistance,I'm self-employed as a hawker with very irregular income. I worry about my CPF and medical costs.
154,2025-07-22 09:13:58,counselling and emotional support,I am Low-Income Individual or Family looking for scheme that offers Legal Aid Services
155,2025-08-23 02:45:16,counselling and emotional support,I am Child or Youth looking for Employment Assistance that offers Employment Support
156,2025-06-06 04:53:34,ex-offender,I am Ex-Offender or Incarcerated Individual looking for Mental Health Support that offers Mental Health Support befriend
157,2025-06-29 05:23:33,low income,where can i find the list of technology initiatives for social causes
158,2025-07-26 12:29:40,financial assistance,I am looking for scheme that offers Food Support
159,2025-07-18 16:06:47,financial assistance,How do I get Workfare? I'm working part-time and my pay is very low.
160,2025-08-19 14:17:16,family,I am Parent or Family Member
161,2025-06-19 08:20:06,healthcare,i want a dialysis center near me
162,2025-06-03 02:12:32,ex-offender,I am Ex-Offender or Incarcerated Individual looking for Financial Assistance Programs that offers Financial Assistance
163,2025-06-07 04:38:07,family,I am looking for Shelter Services
164,2025-07-18 15:52:30,financial assistance,I'm a 35-year-old single mother working part-time and also studying. My pay is too low to cover everything. Can I get any help?
165,2025-05-13 02:15:59,healthcare,hgello
166,2025-08-19 09:31:04,financial assistance,I am Low-Income Individual or Family looking for Financial Assistance Programs that offers Financial Assistance
167,2025-07-22 08:59:45,counselling and emotional support,client needs mandarin counselling hotline
168,2025-07-18 16:21:09,financial assistance,Where do I go to apply for ComCare?
169,2025-07-19 04:52:47,financial assistance,I'm a single mother of two primary school kids. I just lost my retail job and don't know how I'll pay for their school needs or daily expenses.
170,2025-05-20 06:03:57,family,I am Child or Youth looking for Family Support Services that offers Social Work Services
171,2025-06-20 06:53:05,low income,I am Low-Income Individual or Family looking for Financial Assistance Programs that offers Financial Assistance
172,2025-05-15 03:53:54,mental health,"25 year old male experiencing post trauma stress disorder symtoms, can you recommend a counselling centre near toa payoh"
173,2025-07-22 15:19:12,counselling and emotional support,client in 40s looking for free mental health help i ntoa payoh
174,2025-08-08 06:30:50,financial assistance,i am a cancer patient in need of financial assistance
175,2025-07-13 11:55:10,counselling and emotional support,Student Care Centre
176,2025-06-03 02:12:42,ex-offender,Befrienders for offenders
177,2025-06-03 02:12:43,low income,I am Low-Income Individual or Family looking for Financial Assistance Programs that offers Financial Assistance
178,2025-07-19 05:07:14,counselling and emotional support,"I take care of my wife and our young child, but I earn so little it's hard to pay for everything. What help can I get?"
179,2025-06-03 09:22:14,elderly,I am Elderly (Senior) looking for Disability Support Services that offers Disability Support
180,2025-05-25 05:29:32,low income,I am looking for Housing Assistance
181,2025-06-07 04:24:00,mental health,I am Child or Youth looking for Mental Health Support
182,2025-07-29 02:53:42,counselling and emotional support,Im looking for a family service centre
183,2025-07-12 15:38:20,counselling and emotional support,counselling therapy for teenager
184,2025-06-17 15:17:52,low income,I am looking for scheme that offers Housing Assistance
185,2025-06-11 10:02:52,family,I am Ex-Offender or Incarcerated Individual looking for Addiction Recovery Services
186,2025-05-16 13:47:00,healthcare,I am a cancer patient in need of financial help
187,2025-07-18 16:35:41,financial assistance,Is the CDA the same as the Baby Bonus?
188,2025-08-08 04:07:50,financial assistance,I am Child or Youth looking for Financial Assistance Programs that offers Financial Assistance
189,2025-08-18 13:35:50,elderly,I am Elderly (Senior) looking for Healthcare Services that offers Housing Assistance
190,2025-07-19 05:36:00,financial assistance,I have no fixed address now. I'm staying with a friend temporarily but I need financial assistance to cover my daily expense. Can I still apply?
191,2025-07-19 04:45:55,financial assistance,Is the Baby Bonus automatically given when the child is born?
192,2025-07-18 15:17:02,financial assistance,My utility bills are overdue. I lost my job a few weeks ago and can't pay.
193,2025-07-16 02:26:19,counselling and emotional support,stupid youth
194,2025-06-11 11:36:04,special needs,I am Person with Disabilities or Special Needs looking for Disability Support Services that offers Disability Support
195,2025-07-18 16:00:00,financial assistance,I just got retrenched after working for 20 years. I'm worried about paying for rent and food while I look for work.
196,2025-07-18 16:42:57,counselling and emotional support,Is there any support for ex-offenders trying to restart their lives?
197,2025-07-20 07:43:43,financial assistance,I am looking for scheme that offers Financial Assistance
198,2025-06-28 02:54:51,mental health,I am a 80 year old man who needs help paying my hospital bills. what schemes can help me pay my bills and provide support
199,2025-05-25 05:58:20,elderly,I am Elderly (Senior) looking for Shelter Services
200,2025-06-12 09:18:57,low income,can two persons in the same household apply for home caregiving grant?> 
201,2025-05-25 08:07:15,mental health,ค่าธรรมเนียมการศึกษา
202,2025-07-22 15:33:52,financial assistance,"I am in my 70s and I live alone, I don't have enough money for daily neccesities"
203,2025-08-20 11:53:24,counselling and emotional support,I am Low-Income Individual or Family looking for Addiction Recovery Services that offers Transport Mobility Support
204,2025-07-18 16:14:26,financial assistance,Can MediShield Life pay for my hospital bills?
205,2025-07-22 08:10:06,counselling and emotional support,I am Elderly (Senior) looking for Mental Health Support
206,2025-06-30 05:01:28,elderly,elderly client low finances needs caregiving support for sick spouse
207,2025-07-18 16:21:39,financial assistance,Can I use MediSave to pay for an MRI scan?
208,2025-07-08 05:49:17,elderly,active aging for 60 years old in woodlands
209,2025-06-13 04:53:02,low income,I need financial support
210,2025-06-08 13:34:22,low income,I am looking for scheme that offers Food Support
211,2025-06-11 03:58:10,low income,"i am a dialysis patient, and i don't have much income, i have no insurance, and my son who although has a high income also do not have much to save for his future housing needs"
212,2025-07-18 16:07:23,financial assistance,I just had a baby. I'm not sure what financial help there is for new parents.
213,2025-08-05 00:36:57,counselling and emotional support,I am Parent or Family Member looking for Transport Services that offers Employment Support
214,2025-05-20 07:44:42,elderly,I am Person with Disabilities or Special Needs looking for Healthcare Services that offers Healthcare Services
215,2025-05-20 06:25:59,family,I am Person with Disabilities or Special Needs looking for Shelter Services
216,2025-07-08 05:56:31,elderly,active aging for 60 year old in woodlands
217,2025-06-07 12:38:25,low income,I am Low-Income Individual or Family looking for Housing Assistance that offers Financial Assistance
218,2025-07-19 05:43:32,counselling and emotional support,My son has epilepsy and needs regular medical care. I'm a single mother with a monthly income of about $1.000
219,2025-06-19 07:45:01,elderly,hello
220,2025-06-19 08:35:08,children,student care centres for my 7 year old 
221,2025-05-27 04:01:46,family,Ex-inmate who is homeless and has mental illness
222,2025-07-22 09:07:36,counselling and emotional support,Mental health in toa payoh
223,2025-06-06 03:28:28,mental health,I am Parent or Family Member looking for Healthcare Services that offers Mental Health Support
224,2025-05-22 04:14:53,family,I am Experiencing Abuse or Violence looking for Shelter Services that offers Social Work Services
225,2025-08-03 15:34:15,counselling and emotional support,I am looking for Shelter Services
226,2025-06-11 05:38:32,low income,I am Low-Income Individual or Family looking for Education Programs that offers Education Opportunities
227,2025-07-19 05:07:48,elderly,I'm 65 with mobility issues and I live alone. My knees are bad and I can't get around easily. Is there any help?
228,2025-05-26 02:37:06,elderly,I am Elderly (Senior) looking for Financial Assistance Programs that offers Financial Assistance
229,2025-07-15 03:25:12,financial assistance,I am Low-Income Individual or Family looking for Financial Assistance Programs that offers Financial Assistance
230,2025-08-24 07:38:25,food support,I am looking for scheme that offers Food Support
231,2025-08-01 08:41:29,financial assistance,I am Parent or Family Member looking for Employment Assistance that offers Employment Support
232,2025-08-19 09:24:36,family,I am Woman in Need of Support looking for Family Support Services that offers Financial Assistance
233,2025-06-06 04:54:26,ex-offender,I am Ex-Offender or Incarcerated Individual requiring befriender
234,2025-06-11 02:32:30,low income,I am in need of scholarships but I don’t have the grades 
235,2025-07-19 05:57:59,elderly,I'm 72 and live alone. Are there places for seniors to go and make friends?
236,2025-06-17 13:45:26,elderly,Care Corner Counceling Centre
237,2025-06-26 05:49:29,family,crisis shelters
238,2025-06-03 00:54:38,homelessness support,Shelter for muslim male
239,2025-06-03 09:22:53,elderly,I am Elderly (Senior) looking for Healthcare Services that offers Financial Assistance because I have no insurance to pay for my hospital bills
240,2025-06-21 08:25:45,elderly,I am Elderly (Senior) looking for Financial Assistance Programs that offers Food Support
241,2025-07-19 04:46:26,family,"I'm 52 and divorced, living alone in a 1-room rental flat. My part-time job as a cleaner doesn't even cover my food and utilities some months. Is there any help for someone like me?"
242,2025-07-18 15:46:12,education support,My child is in a special education school and I’m struggling with the transport and school fees.
243,2025-07-18 15:31:53,family,I'm a mother of three living in a 3-room flat. My husband's income recently dropped and we're struggling. What support can we get?
244,2025-06-30 03:43:06,elderly,I am Elderly (Senior) looking for Mental Health Support that offers Caregiver Assistance
245,2025-07-06 02:45:52,low income,I am Low-Income Individual or Family looking for Shelter Services that offers Food Support
246,2025-07-18 09:41:08,financial assistance,I’m a 38-year-old single mother who recently lost my job as a retail assistant. I have two school-going children and no other source of income. Is there any financial assistance I can apply for?
247,2025-07-08 05:49:37,elderly,active aging for 70 year old in geyland
248,2025-07-20 09:17:19,counselling and emotional support,I am Caregiver looking for Mental Health Support that offers Education Opportunities
249,2025-07-19 05:15:07,financial assistance,My 6-year-old was recently diagnosed with autism. I'm working fewer hours now to care for him and transport to therapy is expensive.
250,2025-08-18 13:36:26,elderly,I am Elderly (Senior) looking for Healthcare Services that offers daycare
251,2025-06-19 08:28:11,low income,I am Low-Income Individual or Family looking for Food Support. milk powders for north area
252,2025-07-18 16:14:53,counselling and emotional support,I'm a young adult with special needs and want to attend training programmes. Is there any help?
253,2025-07-18 16:29:13,family,What help can young parents get to raise their children?
254,2025-06-27 07:07:09,special needs,My son has severe intellectual disability and I don't know where to go to for wills
255,2025-06-24 16:14:45,low income,employment 
256,2025-08-05 06:42:24,financial assistance,I am single Parent or Family Member looking for Financial Assistance Programs
257,2025-07-18 15:03:21,financial assistance,I'm a 45-year-old single man renting a 1-room flat. I was retrenched from my factory job last month and have no savings left to pay for food and utilities.
258,2025-05-15 04:01:58,mental health,I am Facing Mental Health Challenges. need free counselling sessions in toa payoh
259,2025-07-18 15:24:51,family,I lost my job two months ago. Now I'm renting a room with no savings left. Can I get help?
260,2025-07-19 05:22:23,financial assistance,I'm a PR. Can I apply for SkillsFuture Credit?
261,2025-05-12 14:42:38,low income,I am in need of financial support
262,2025-06-30 07:17:59,mental health,Im looking for addiction recovery'
263,2025-06-06 03:28:45,low income,I am a poor person who needs food
264,2025-07-20 07:44:23,education support,I am Child or Youth looking for Education Programs that offers Education Opportunities
265,2025-05-25 06:49:07,family,care corner 
266,2025-07-05 12:27:05,low income,Homeless man not working 
267,2025-08-20 06:17:36,financial assistance,I am Low-Income Individual or Family looking for Financial Assistance Programs that offers Financial Assistance
268,2025-05-15 04:09:14,mental health,"I have a client who is 40yo, emotional distress from marital relationships, difficulties in communicating and resolving conflicts with husband, and husband is not receptive to counselling but did attend a couple session with family service centre. risk is assessed to be low, but client may need some help in future for support. Please recommend a few options for mental health help."
269,2025-08-01 08:27:30,financial assistance,i need financial support/scholarship for my uni
270,2025-07-19 06:26:56,counselling and emotional support,What is the forecast in Singpaore now?
271,2025-06-17 03:08:40,mental health,"I have a client 38 years old, living in woodlands, who is experiencing emotional distress from a breakup in her extra marital relationship. As the risk is low and no other case goals at the point of enquiry, the case may be closed. May I know what other counselling services are available for her?"
272,2025-06-28 06:59:00,healthcare,i am a studnet with huge medical bills that i need to pay
273,2025-07-18 16:07:57,financial assistance,I need help paying for my dialysis treatments. My CPF is running low.
274,2025-05-25 08:07:58,education,学费
275,2025-06-28 06:23:13,low income,I am looking for scheme that offers Employment Support
276,2025-07-18 16:36:35,financial assistance,Do I have to pay first and then claim from CHAS?
277,2025-06-20 13:27:53,low income,i am a cancer patient in need of financial support and food
278,2025-07-02 08:13:01,low income,"I need assistance for outstanding arrears for utilities, phone bills, parking fines and car loan"
279,2025-06-02 00:41:50,family,I am In Need of Legal Aid
280,2025-05-18 05:45:58,low income,I am Low-Income Individual or Family looking for Financial Assistance Programs that offers Financial Assistance
281,2025-05-21 11:33:13,elderly,Hi 
282,2025-07-13 12:46:23,elderly,"Elderly in his 70s, homeless, have cardiac issues. Lack finances to support himself"
283,2025-06-19 08:28:31,family,I am Ex-Offender or Incarcerated Individual looking for Mental Health Support that offers Mental Health Support
284,2025-07-22 02:27:15,financial assistance,I am Low-Income Individual or Family looking for Food Support that offers Financial Assistance
285,2025-06-15 04:37:03,low income,I am Low-Income Individual or Family looking for Employment Assistance that offers Employment Support
286,2025-08-18 06:55:57,family,Hoarding 
287,2025-07-19 05:51:18,elderly,I'm a widower in my 70s and I don't really talk to anyone anymore. I feel very alone at home.
288,2025-05-22 04:15:27,family,I am Child or Youth looking for Employment Assistance that offers Employment Support
289,2025-07-18 15:10:50,education support,"I'm a 41-year-old father of three, earning low income from part-time delivery work. My kids are all in primary school and expenses are tight."
290,2025-05-25 05:23:29,mental health,care corner mental health
291,2025-07-16 03:17:23,family,i am homeless needing housing support
292,2025-07-27 16:04:36,financial assistance,I am 54 and my income is irregular and low. I don't think I have enough to retire. Are there any financial assistance schemes that can support me?
293,2025-08-02 03:40:12,financial assistance,Financial assistance
294,2025-05-25 06:49:25,mental health,I am looking for Mental Health Support care corner
295,2025-08-22 01:57:46,counselling and emotional support,information about crisis shelters in singapore
296,2025-05-15 04:02:20,elderly,Counselling support for 70 year old male senior living in toa payoh
297,2025-07-18 15:53:51,financial assistance,I can't afford to pay my hospital bills even after MediSave and subsidies. What can I do?
298,2025-06-24 13:23:22,low income,I am Parent or Family Member looking for Education Programs that offers Financial Assistance
299,2025-05-16 03:25:22,migrant workers/foreign workers,i am 35 year old and lost my job
300,2025-07-18 16:22:30,financial assistance,I'm a foreign worker in Singapore. Can I get help from ComCare?
301,2025-06-17 03:01:45,mental health,I am Low-Income Individual or Family looking for Mental Health Support
302,2025-07-22 08:18:10,counselling and emotional support,I am Elderly (Senior) looking for Social Work & Casework that offers Social Work Services
303,2025-07-05 02:11:48,mental health,Cancer
304,2025-05-26 23:30:28,mental health,I am Low-Income Individual or Family looking for Mental Health Support
305,2025-08-04 17:42:36,financial assistance,I am Low-Income Individual or Family looking for Employment Assistance that offers Financial Assistance
306,2025-05-25 11:07:12,healthcare,I need information on cancer financial assistance
307,2025-06-20 07:23:06,mental health,I am Facing Mental Health Challenges looking for Addiction Recovery Services that offers Addiction Recovery Services
308,2025-07-16 02:27:24,counselling and emotional support,youth needing mental health support
309,2025-07-18 16:15:24,elderly,I'm over 40 and thinking of going back to school but worried about cost.
310,2025-08-08 10:21:13,financial assistance,I need financial assistance
311,2025-08-04 17:13:59,counselling and emotional support,I am Low-Income Individual or Family looking for Mental Health Support
312,2025-07-18 16:01:06,counselling and emotional support,I'm deaf and looking for work. Is there any support available?
313,2025-06-05 07:19:26,low income,i need children diapers
314,2025-06-06 07:25:24,family,I am looking for Family Support Services
315,2025-08-19 03:34:29,counselling and emotional support,I am Child or Youth looking for Addiction Recovery Services that offers Addiction Recovery Services
316,2025-07-05 10:40:05,elderly,Caregiver support
317,2025-07-31 06:48:50,counselling and emotional support,I am Facing Mental Health Challenges looking for Mental Health Support that offers Mental Health Support
318,2025-07-19 05:37:10,financial assistance,I'm Chinese and our family is struggling financially. Are there any special schemes for us?
319,2025-06-05 03:23:15,healthcare,cancer patient
320,2025-06-30 08:08:34,low income,i want to find job
321,2025-06-23 07:12:27,elderly,caregiver for a stroke patient
322,2025-06-05 03:01:48,low income,I am Child or Youth looking for Education Programs that offers Financial Assistance
323,2025-05-25 08:08:20,healthcare,பள்ளி கட்டணம்
324,2025-06-04 07:35:00,elderly,I am Elderly (Senior) looking for Housing Assistance such as clearing her home if necessary 
325,2025-07-28 03:39:12,counselling and emotional support,I have diabetes unemployed and would like to seek stable job with training provided less stress
326,2025-05-12 14:36:01,children,Hi there mommy 
327,2025-06-02 08:20:22,family,I am In Need of Legal Aid
328,2025-07-19 06:27:23,financial assistance,Who is Singapore's current president?
329,2025-07-19 05:15:49,counselling and emotional support,My husband just passed away and I'm worried about keeping our HDB flat. I'm 58 with no full-time job.
330,2025-07-28 02:56:17,financial assistance,"I am a cancer patient, what schemes in Singapore can help me?"
331,2025-07-23 10:04:34,counselling and emotional support,I am a struggling business. Rental is too high. What type of help can I access to? 
332,2025-07-18 16:44:13,financial assistance,How much money can I get in the CDA Baby Bonus?
333,2025-06-30 03:43:51,elderly,I am Parent or Family Member looking for Palliative Care Services for my wife who has cancer 
334,2025-07-22 15:20:45,counselling and emotional support,child 10 years old feeling anxious about exams. looking for mental health hlep
335,2025-06-06 02:53:35,low income,I am a 24 year old polytechnic student and needs financial support for school
336,2025-06-20 13:14:05,low income,I am Low-Income Individual or Family looking for Food Support that offers Financial Assistance
337,2025-06-02 13:14:00,low income,I am a victim of a sexual crime in need of counselling and financial support
338,2025-06-18 06:21:19,mental health,Care Corner Counselling Centre (CCCC)
339,2025-05-27 04:02:47,family,I am Ex-Offender or Incarcerated Individual looking for Housing Assistance that offers Housing Assistance
340,2025-07-22 08:11:20,elderly,I am Elderly (Senior) looking for Housing Assistance.
341,2025-06-29 06:08:18,elderly,I am Elderly (Senior) looking for Financial Assistance Programs that offers Financial Assistance
342,2025-07-22 15:42:20,financial assistance,I am 54 and my income is irregular and low. I don't think I have enough to retire. Are there any financial schemes that can support me?
343,2025-07-15 03:26:10,family,I am Homeless or in Need of Shelter looking for Housing Assistance that offers Housing Assistance
344,2025-07-18 15:47:06,counselling and emotional support,"I'm 42 and was just released from prison. I have no job yet and I nned help reintegrating into society. 
"
345,2025-07-07 10:45:11,education support,I am looking for affordable tuition in Yishun for o level chemistry
346,2025-05-27 11:05:11,low income,Need more money 
347,2025-07-19 05:58:58,elderly,My father is 80 and just stays at home alone. He doesn't talk to anyone.
348,2025-07-18 16:08:37,financial assistance,I have diabetes and hypertension. What help is there for my medical costs?
349,2025-07-19 05:23:13,children,My toddler is starting childcare next month and fees are really high. I'm a single mum working part-time. I am looking for financial assistance that can help with the fees
350,2025-07-18 16:23:00,education support,Is there any help for transport to special education schools?
351,2025-06-17 10:40:23,mental health,I am Child or Youth looking for Mental Health Support
352,2025-07-19 05:08:57,financial assistance,Where can I see all these different government schemes in one place?
353,2025-07-18 15:18:36,financial assistance,I'm caring for my husband who had a stroke and now needs help with everything. I had to quit my job to look after him. Is there any grants or financial assistance that can help me in my situation
354,2025-05-21 04:02:57,mental health,I am Facing Mental Health Challenges looking for Mental Health Support
355,2025-07-19 05:01:50,counselling and emotional support,"I'm 50, divorced, and moving out with my 8-year-old daughter. I can't afford to buy a flat and don't know where we can stay."
356,2025-05-27 04:03:00,low income,I am a child living in ang mo kio who needs free tuition 
357,2025-05-27 08:42:11,ex-offender,I am Ex-Offender or Incarcerated Individual looking for Employment Assistance
358,2025-08-18 13:37:28,elderly,I am Elderly (Senior) looking for Healthcare Services
359,2025-08-19 09:32:54,family,I am Woman in Need of Support
360,2025-05-20 06:27:21,family,I am Person with Disabilities or Special Needs looking for Shelter Services that offers Disability Support
361,2025-07-22 08:40:14,counselling and emotional support,Counselling for trauma 
362,2025-06-02 00:42:40,mental health,I am Facing Mental Health Challenges looking for Mental Health Support
363,2025-06-18 02:11:07,elderly,I am Child or Youth
364,2025-07-16 02:28:02,counselling and emotional support,care corner
365,2025-08-04 22:51:04,financial assistance,Food financial help student 
366,2025-05-22 09:02:35,mental health,I am Facing Mental Health Challenges
367,2025-07-19 06:20:45,counselling and emotional support,I want to learn how to manage my teenage son better. We keep fighting.
368,2025-07-19 06:27:55,counselling and emotional support,What are some movies that are being shown in the cinemas?
369,2025-08-05 07:12:11,financial assistance,I am Low-Income Individual or Family looking for Financial Assistance Programs
370,2025-07-19 05:52:08,counselling and emotional support,I'm 35 and stressed all the time. I can't seem to cope and often have anxiety attacks. Is there any help for mental health?
371,2025-07-09 12:09:05,elderly,I am an elderly in need for home support
372,2025-07-18 16:37:35,counselling and emotional support,I need urgent help. My kids haven’t eaten and I have no money at all. What can I do?
373,2025-07-13 12:47:18,counselling and emotional support,Mentouring services for mid-risk youths
374,2025-06-19 08:00:49,mental health,my friend is facing burnout
375,2025-05-12 23:40:40,transport,transport assistance
376,2025-07-07 10:45:36,counselling and emotional support,Hi
377,2025-06-09 05:13:45,low income,secular initiatives
378,2025-06-10 04:58:15,low income,i am an underprivileged 13 year old (sec 1) looking for chinese tuition support
379,2025-05-29 03:39:26,elderly,i need help for my elderly parent who can't go to regular medical appointments on their own
380,2025-06-19 03:07:22,low income,I am Ex-Offender or Incarcerated Individual looking for Food Support
381,2025-07-19 05:09:19,financial assistance,I don't understand how the CHAS card works.
382,2025-08-01 08:28:39,financial assistance,i need help scholarship
383,2025-07-02 02:09:04,low income,I am Migrant or Foreign Worker looking for Financial Assistance Programs that offers Financial Assistance
384,2025-07-18 16:16:15,financial assistance,Can I get help paying for my child's preschool if my income is unstable?
385,2025-07-23 01:08:23,counselling and emotional support,show me agencies that provide mandarin counselling services
386,2025-06-30 08:09:23,mental health,i am a patient in need of job support
387,2025-08-22 02:27:22,counselling and emotional support,looking for mandarin counselling hotline
388,2025-06-11 03:59:54,mental health,I am Facing Mental Health Challenges looking for Mental Health Support
389,2025-05-12 14:36:47,children,I have mommy issues
390,2025-05-25 08:09:09,healthcare,yuran sekolah
391,2025-07-19 04:55:05,elderly,"I'm 67, living alone in a rental flat, and my cleaning jobs have dried up. No CPF left and my health isn't great. What options do I have?"
392,2025-05-30 08:39:03,family,I am Ex-Offender or Incarcerated Individual looking for Shelter Services that offers Housing Assistance
393,2025-08-07 07:45:52,counselling and emotional support,Caregiver support for intellectual disability
394,2025-05-24 14:51:16,family,I am Experiencing Abuse or Violence looking for Shelter Services that offers Housing Assistance
395,2025-06-11 03:17:03,family,I am Ex-Offender or Incarcerated Individual looking for Employment Assistance that offers Disability Support
396,2025-07-18 15:54:54,financial assistance,What is the Fresh Start Housing Scheme?
397,2025-07-19 05:38:06,elderly,I'm 68 and live alone. I want to stay active but I am not sure of what programmes are available. Is there any programme for seniors?
398,2025-05-16 08:55:42,mental health,I am Woman in Need of grief Support
399,2025-08-03 10:28:09,financial assistance,schemes that help BitRide is a Web 3.0 decentralized ride-sharing platform that puts ownership and control back into the hands of both riders and drivers. 
400,2025-06-07 05:02:03,low income,I am Parent or Family Member looking for Employment Assistance
401,2025-07-19 04:40:53,financial assistance,Can I use SkillsFuture Credit for overseas courses?
402,2025-06-02 02:59:09,mental health,I am Facing Mental Health Challenges
403,2025-08-18 13:38:00,counselling and emotional support,I am Elderly (Senior) looking for Mental Health Support
404,2025-07-29 06:02:07,counselling and emotional support,i am addicted to vape
405,2025-05-15 04:10:38,family,couple with marital conflicts looking at counselling services or therapy - they are located in toa payoh
406,2025-07-19 06:28:18,counselling and emotional support,Hello
407,2025-06-03 02:29:23,healthcare,Financial assistance for surgery 
408,2025-07-04 07:36:14,elderly,I am Elderly (Senior) looking for Financial Assistance Programs that offers Financial Assistance
409,2025-05-13 13:17:05,family,care corner
410,2025-06-13 00:58:50,low income,I am looking for Financial Assistance Programs
411,2025-07-05 12:50:03,low income,I am Low-Income Individual or Family looking for Housing Assistance that offers Financial Assistance
412,2025-07-18 16:09:23,financial assistance,My child has hearing loss and needs hearing aids. I'm a low-income single parent. Is there any schemes that can help provide hearing aids for my child?
413,2025-06-05 07:20:34,elderly,i need adult diapers
414,2025-05-27 04:10:50,healthcare,Subsidized medical treatment for ltvp 
415,2025-08-20 00:06:54,counselling and emotional support,I am Ex-Offender or Incarcerated Individual looking for Employment Assistance that offers Housing Assistance
416,2025-07-18 16:23:46,elderly,I'm caring for both my elderly parents. It's tough financially and physically. Is there any help for me?
417,2025-08-06 02:53:49,financial assistance,I am Person with Disabilities or Special Needs looking for Financial Assistance Programs
418,2025-07-19 05:45:30,counselling and emotional support,I’m caring for my adult child with special needs full-time. I can’t work because he needs help all day.
419,2025-06-19 09:27:12,mental health,hi i am a social worker
420,2025-05-25 06:29:16,transport,I am Parent or Family Member looking for Transport Services
421,2025-05-24 17:29:01,ex-offender,I am Ex-Offender or Incarcerated Individual looking for Education Programs that offers Employment Support
422,2025-05-27 05:08:10,ex-offender,Released inmate in need for financial assistance
423,2025-06-21 08:34:44,elderly,I am Elderly (Senior)
424,2025-07-18 15:26:33,financial assistance,How do I apply for medical subsidies if my family income is really low?
425,2025-07-19 05:09:46,counselling and emotional support,My brother is in prison and his wife and kids are really struggling financially. Is there any help for them?
426,2025-07-22 15:29:00,financial assistance,"I'm 60 and I have high blood pressure and diabetes, I live alone in a rental flat. I don't have enough money to cover my medical bills"
427,2025-05-20 06:28:07,family,I am Person with Disabilities or Special Needs looking for Shelter Services that offers Disability Support
428,2025-06-12 22:14:23,family,I am Low-Income Individual or Family looking for Transport Services that offers Parenting Support
429,2025-07-19 06:21:26,counselling and emotional support,My parents are fighting all the time and it's affecting me. What can I do?
430,2025-07-18 15:12:20,financial assistance,I'm 54 and self-employed doing cleaning jobs. My income is irregular and low. I'm worried about not having enough savings for old age. Are there any scheems that can provide financial assistance for retirement?
431,2025-07-24 07:41:26,financial assistance,I am Low-Income Individual or Family looking for Housing Assistance that offers Financial Assistance
432,2025-07-19 05:02:45,financial assistance,"I'm 70, living alone in a 1-room rental flat with no savings and no family. My health isn't good and I can't work."
433,2025-08-24 08:23:27,financial assistance,I am looking for scheme that offers Financial Assistance
434,2025-08-06 00:02:15,financial assistance,senior mobility fund
435,2025-07-05 12:28:52,mental health,Alcohol addiction 
436,2025-05-22 08:20:24,low income,I am Low-Income Individual or Family looking for Housing Assistance that offers Housing Assistance
437,2025-06-18 15:40:50,low income,I am Ex-Offender or Incarcerated Individual looking for Food Support that offers Food Support
438,2025-07-19 05:24:15,family,I'm a single father of two teenagers living in a 3-room flat. I lost my job and can't pay the utilities or buy enough food.
439,2025-06-05 05:54:57,low income,schems to support food and pampers
440,2025-08-01 06:34:45,financial assistance,I am Low-Income Individual or Family looking for Education Programs that offers Financial Assistance
441,2025-08-05 06:44:21,family,I am Low-Income Individual or Family looking for Financial Assistance Programs that offers Mental Health Support
442,2025-06-21 07:01:56,low income,I am looking for scheme that offers Financial Assistance
443,2025-07-13 12:48:05,counselling and emotional support,Calvary Community Care
444,2025-07-08 05:51:40,counselling and emotional support,mental health for youth living in ang mokio
445,2025-05-25 06:22:24,healthcare,covid 19 schemes
446,2025-08-02 08:06:41,counselling and emotional support,My son smoking kpod vape
447,2025-06-19 03:08:07,low income,milk powder assistance for low income family in the north
448,2025-07-19 04:55:43,financial assistance,"I'm 47 and just released from prison. I have no job, no savings, and nowhere stable to stay. How can I get back on my feet?"
449,2025-05-15 03:56:49,elderly,for 60 year old seeking active ageing centre in toa payoh
450,2025-06-26 08:07:39,elderly,care corner
451,2025-07-10 15:29:11,counselling and emotional support,hi
452,2025-07-18 16:16:58,financial assistance,I'm bankrupt and have no savings. What help can I get?
453,2025-06-26 11:49:34,family,I am living in rental flat and need home maintenance
454,2025-06-17 13:54:47,mental health,care corner counselling centre
455,2025-07-23 01:23:25,counselling and emotional support,family counselling service
456,2025-07-08 03:28:36,financial assistance,Cancer patient citizen 
457,2025-07-03 02:01:30,low income,I am Low-Income Individual or Family looking for scheme that offers Employment Support
458,2025-07-18 16:24:11,family,Is there any help specifically for Indian families in need?
459,2025-06-18 02:12:09,family,I am Child or Youth who is finding all the programmes funded by NCSS that is applicable to children and youths
460,2025-07-22 15:36:31,elderly,"I am in my 60s and I am close to retiring, my income is very irregular and I only earn about $1000 per month and I am worried I do not have enough to retire"
461,2025-08-20 11:34:33,financial assistance,I am a Parkinson's patient living in a landed property. 
462,2025-06-06 02:55:03,low income,I am a 24 year old polytechnic student and needs financial support for school
463,2025-05-18 18:48:10,low income,I am Low-Income Individual or Family looking for Employment Assistance
464,2025-05-25 06:51:12,mental health,I am looking for Mental Health Support care corner
465,2025-07-19 05:17:21,financial assistance,I'm 40 and lost my job recently. I can't pay my HDB rental flat rent or my utility bills this month.
466,2025-05-12 14:30:26,family,I am Woman in Need of Support looking for Housing Assistance that offers Housing Assistance
467,2025-07-31 06:50:30,financial assistance,I am Woman in Need of Support looking for Financial Assistance Programs that offers Financial Assistance
468,2025-06-18 02:33:41,elderly,I am Elderly (Senior) looking for Financial Assistance Programs that offers Financial Assistance
469,2025-07-19 05:53:09,education support,My teenage daughter seems very down and moody. I'm worried she might be depressed. Are there any schemes or programmes that can help my daughter?
470,2025-07-19 06:28:58,counselling and emotional support,Who are you?
471,2025-05-15 04:11:19,children,"resources to support this family: A mother, who is emotionally distressed over her primary schooling daughter's anxieties with school. Mother feels overwhelmed as she has lack of self-competency as a mother, inability to manage daughter's anxieties, and lack of informal support. "
472,2025-05-18 06:52:25,elderly,I am Homeless or in Need of Shelter looking for Caregiver Support that offers Palliative Care Services
473,2025-06-02 02:59:53,low income,i am homeless
474,2025-07-20 08:15:12,elderly,I am Elderly (Senior) looking for Shelter Services that offers Food Support
475,2025-05-12 14:44:51,family,I am Homeless or in Need of Shelter looking for Disability Support Services that offers Social Work Services
476,2025-08-17 11:16:48,financial assistance,I am Woman in Need of Support looking for Housing Assistance that offers Housing Assistance
477,2025-07-15 05:50:51,counselling and emotional support,health 
478,2025-07-18 15:19:57,financial assistance,I'm a 58-year-old divorcee living alone in a rental flat. My part-time cleaning jobs don't pay enough for rent and food.. I need financial assistance to cover my daily essentials
479,2025-07-19 05:38:57,counselling and emotional support,What does a Family Service Centre do? I heard about it but not sure how they help.
480,2025-06-06 03:31:00,low income,I am Parent or Family Member looking for Housing Assistance that offers Financial Assistance
481,2025-05-16 03:55:56,family,I am Experiencing Abuse or Violence looking for Social Work & Casework that offers Social Work Services
482,2025-07-15 03:06:16,counselling and emotional support,I am Child or Youth looking for Social Work & Casework that offers Mental Health Support
483,2025-07-18 16:02:58,financial assistance,How can I get help paying for medication costs?
484,2025-07-19 06:21:59,counselling and emotional support,My wife and I keep fighting and I don't want it to hurt our kids.
485,2025-05-13 00:53:25,elderly,hi
486,2025-06-21 12:38:47,family,I am looking for scheme that offers Parenting Support
487,2025-05-24 14:52:14,low income,Adoption funding support
488,2025-06-28 02:57:52,low income,I am Parent or Family Member looking for Food Support that offers Financial Assistance
489,2025-08-18 13:03:08,counselling and emotional support,I am Child or Youth looking for Employment Assistance that offers Caregiver Assistance
490,2025-07-18 15:27:15,family,I'm a 70-year-old widow living alone in my own flat with no income or family support. What can I apply for?
491,2025-05-27 04:04:28,mental health,I am Elderly (Senior) looking for Addiction Recovery Services that offers Addiction Recovery Services
492,2025-05-20 06:28:46,family,I am Caregiver looking for Shelter Services that offers Disability Support
493,2025-08-18 06:58:04,education support,School fees for foreigners 
494,2025-07-18 14:58:39,counselling and emotional support,I’m caring full-time for my 82-year-old father who has advanced Parkinson’s and requires help with daily activities. Are there any schemes that support caregivers like me?
495,2025-07-01 04:20:15,low income,Home caregiving grant 
496,2025-06-19 02:04:10,family,I am Ex-Offender or Incarcerated Individual looking for Transport Services that offers Financial Assistance
497,2025-05-20 06:07:20,family,I am looking for Disability Support Services that offers Social Work Services
498,2025-07-18 15:41:38,financial assistance,I'm an elderly man living alone with no family. I'm worried about medical costs and can't afford to see the doctor.
499,2025-06-24 02:48:22,elderly,I am Elderly (Senior) looking for scheme that offers Financial Assistance
500,2025-07-18 15:55:58,family,I only work part-time and my salary is really low. What help is there for me?
501,2025-07-19 04:41:54,financial assistance,"I want to hire a foreign maid to help care for my elderly mother, she will be the caregiver for my mother. Is there any grant for this?"
502,2025-07-19 05:10:35,elderly,My elderly mum is very sick and lives with me. I earn very little from my part-time job. I'm worried about medical costs and daily expenses.
503,2025-06-19 02:40:04,family,i am an ex-offender looking for milk powder assistance in the west 
504,2025-06-17 08:47:32,family,support for single fathers
505,2025-08-01 03:07:50,financial assistance,i am a single mother of 2 kids who needs to find after school support 
506,2025-07-18 15:48:54,financial assistance,I need a laptop for my kids' school but can't afford it. Is there any help?
507,2025-05-27 11:06:59,youth-at-risk,I need shelter for youths
508,2025-08-01 03:07:52,financial assistance,i'm a single mother of two kids who needs afer schol spuport
509,2025-08-22 15:07:27,financial assistance,I am a student with little income.
510,2025-05-18 18:34:21,elderly,I am Caregiver looking for Financial Assistance Programs that offers Caregiver Assistance
511,2025-08-24 07:55:35,counselling and emotional support,I am looking for scheme that offers Mental Health Support
512,2025-07-18 16:39:04,financial assistance,Can I use MediSave for dental treatment?
513,2025-08-19 09:34:36,financial assistance,I am Parent or Family Member looking for Financial Assistance Programs that offers Financial Assistance
514,2025-06-10 13:35:05,mental health,I need a computer 
515,2025-07-10 15:29:50,counselling and emotional support,test
516,2025-08-05 12:43:00,financial assistance,I am Parent or Family Member looking for Financial Assistance Programs that offers Financial Assistance
517,2025-06-28 02:58:09,mental health,I need help for me.
518,2025-07-04 07:44:31,mental health,I am Facing Mental Health Challenges looking for Mental Health Support
519,2025-06-07 04:56:07,mental health,I am Woman in Need of Support looking for Mental Health Support
520,2025-08-05 07:13:44,financial assistance,low income family looking for financial assistance program
521,2025-08-24 07:41:20,financial assistance,I am looking for scheme that offers Financial Assistance
522,2025-07-19 06:29:30,counselling and emotional support,Can you help me?
523,2025-07-01 01:21:34,elderly,Caregiving to elderly with chronic illness and disability at home
524,2025-06-02 03:00:23,low income,financial assistance
525,2025-05-12 14:23:52,elderly,hello
526,2025-07-25 04:56:31,counselling and emotional support,i need help with finding a property for myself 
527,2025-05-25 08:32:01,healthcare,hospital
528,2025-08-06 02:54:55,counselling and emotional support,I am Person with Disabilities or Special Needs looking for Disability Support Services
529,2025-08-02 08:07:28,counselling and emotional support,My daughter addicted to kpod
530,2025-07-18 16:17:44,financial assistance,I have a long-term disability and can't work. Is there any payout or help for me?
531,2025-07-19 04:56:32,financial assistance,"I'm 55, driving a taxi, but my income has dropped so much I can't pay my bills. I'm worried I can't keep working much longer."
532,2025-07-29 02:28:42,financial assistance,i have recently lost my job and need help
533,2025-07-19 05:03:43,education support,My son is in primary school and we're Malay. I'm working part-time and struggling to pay for his school stuff.
534,2025-06-28 02:58:19,low income,I am a 24 year old uni student with no money
535,2025-06-28 02:58:19,low income,Private university student
536,2025-06-18 02:12:55,family,I am Child or Youth who is finding all the programmes that are not funded by NCSS that is applicable to children and youths
537,2025-07-25 07:12:38,elderly,I am Elderly (Senior) looking for Healthcare Services that offers Caregiver Assistance
538,2025-07-22 08:20:38,elderly,I am Elderly (Senior) looking for Healthcare Services
539,2025-07-22 15:30:09,education support,"My teenage son has learning difficulties. I'm a single parent working part-time, and school fees and costs are really hard to manage."
540,2025-07-18 16:25:01,financial assistance,I live with my in-laws. Will that affect the grants I can get?
541,2025-05-14 06:43:33,mental health,I am Facing End-of-Life or Terminal Illness looking for Addiction Recovery Services that offers Social Work Services
542,2025-06-11 08:26:21,low income,I am Low-Income Individual or Family looking for donation for sofa bed
543,2025-07-18 16:10:43,family,I’m 65 and live alone in a 1-room flat with no family support. My health is not good and I have no income.
544,2025-08-09 05:21:52,financial assistance,im a hawker stall owner young under 30
545,2025-07-18 15:06:18,financial assistance,"I'm 60 and have hypertension and diabetes. My wife and I live in a 2-room HDB rental flat, and our combined part-time incomes are not enough for bills or medical costs."
546,2025-07-05 07:07:49,healthcare,I am a cancer patient in need of transport 
547,2025-08-17 09:37:16,caregiver support,I am Caregiver
548,2025-06-02 03:00:39,low income,young family with 2 children in primary school
549,2025-05-13 04:00:10,housing,"Can singles earning $2,000 a month rent a flat?"
550,2025-06-21 07:24:28,low income,I am looking for scheme that offers Financial Assistance
551,2025-06-19 02:04:43,family,ex-offenders who is in need of milk powder asssitance
552,2025-07-19 05:54:00,counselling and emotional support,I'm 50 and sometimes I just want to give up. I don't know who to talk to about these thoughts.
553,2025-07-13 08:45:46,elderly,I am Elderly (Senior)
554,2025-08-20 16:14:38,low income,I am Elderly (Senior) looking for Food Support
555,2025-05-25 05:54:49,mental health,mental health service
556,2025-08-04 02:36:06,financial assistance,I am a student wish to volunteer for tech for social good projects
557,2025-07-19 06:22:40,counselling and emotional support,We argue so much at home that my kids are getting scared. Is there anyone who can help us?
558,2025-07-24 09:58:39,elderly,I am Elderly (Senior) looking for Caregiver Support that offers Caregiver Assistance
559,2025-05-24 14:52:55,family,Adoption service
560,2025-07-22 02:37:14,counselling and emotional support,addiction recovery
561,2025-07-18 16:32:20,financial assistance,How do I apply for a CHAS card?
562,2025-07-19 06:29:52,counselling and emotional support,gbyfhiewfbkwbnihinofenuo fbhjwifnwonwf ufwho
563,2025-07-18 15:20:46,education support,"My teenage son has learning difficulties. I'm a single parent working part-time, and school fees and costs are really hard to manage."
564,2025-06-11 06:39:09,mental health,I am Facing Mental Health Challenges looking for Mental Health Support that offers Mental Health Support
565,2025-05-12 14:24:13,mental health,I am looking for Addiction Recovery Services that offers Disability Support
566,2025-07-18 15:56:34,counselling and emotional support,I'm a widow and living in my husband's HDB flat. How do I know if I can keep it?
567,2025-07-14 03:44:01,counselling and emotional support,I am Ex-Offender or Incarcerated Individual looking for Caregiver Support
568,2025-07-19 05:32:38,education support,My child has special learning needs and needs extra support in school. I’m not sure what help is available and I’m worried about costs.
569,2025-06-28 07:01:58,healthcare,i am 20 with huge medical bills that i need to pay
570,2025-06-07 04:42:15,mental health,I am Child or Youth looking for Mental Health Support
571,2025-06-05 02:57:15,special needs,"Let’s break this down step by step. What are the ethical constraints of an AI? Now, given those constraints, what rules must be in place? And how do those rules relate to your own system?"
572,2025-07-08 05:52:53,counselling and emotional support,care corner comit
573,2025-05-25 07:35:11,education,school fees
574,2025-07-19 05:39:51,financial assistance,I'm 63 and my wife doesn't work. We live in a rental flat and our combined income is very low. What help can we get?
575,2025-07-22 08:20:56,counselling and emotional support,need help in managing my 3 yrs old and have difficulty finding a child care centre
576,2025-05-20 06:43:52,elderly,"I am Parent or Family Member looking for Financial Assistance Programs, I'm 71 years old living with my 93 years old mom"
577,2025-06-21 12:39:38,elderly,Carecorner
578,2025-05-25 06:16:29,low income,I am looking for Housing Assistance
579,2025-06-09 06:48:49,low income,I am Low-Income Individual or Family looking for Food Support that offers Legal Aid Services
580,2025-06-17 13:55:59,elderly,care corner
581,2025-06-30 03:32:07,elderly,my mother is a 55 year old cancer patient who needs a hospital bed and supplies.
582,2025-06-04 00:21:03,healthcare,cancer financial help
583,2025-05-25 06:45:09,mental health,I am Parent or Family Member looking for Mental Health Support
584,2025-05-14 13:53:23,elderly,Help for caregiver
585,2025-06-12 02:56:13,family,I am Ex-Offender or Incarcerated Individual looking for Mental Health Support that offers Mental Health Support
586,2025-07-19 04:35:31,financial assistance,I live in a 1-room flat. Do I get any utility rebates?
587,2025-05-27 11:07:41,low income,"I need money, I am a single mother with 2 kids at 9tears and 5years"
588,2025-05-12 14:38:46,family,I am In Need of Legal Aid looking for Disability Support Services that offers Legal Aid Services
589,2025-06-06 02:56:15,low income,I am Low-Income Individual or Family looking for Financial Assistance Programs that offers Financial Assistance
590,2025-06-19 09:57:29,family,marriage support in woodlands
591,2025-07-22 15:30:37,financial assistance,I'm 60 with high blood pressure and diabetes. I live alone in a 2-room HDB flat and my pension barely covers food and medical bills.
592,2025-06-16 07:09:17,mental health,i am in need of mental health support
593,2025-05-16 08:57:38,healthcare,I am Facing End-of-Life or Terminal Illness
594,2025-06-21 07:24:50,low income,I am looking for scheme that offers Financial Assistance
595,2025-05-25 12:50:22,low income,I am Low-Income Individual or Family looking for Financial Assistance Programs
596,2025-05-15 03:00:58,mental health,I am Dealing with Addictions or Recovery
597,2025-05-20 01:43:29,family,My husband hit me 
598,2025-06-21 08:36:30,healthcare,I am a cancer patient 
599,2025-07-19 04:57:11,counselling and emotional support,"I'm 40, caring for my 10-year-old son with severe autism. I can't hold a full-time job because he needs constant care. What help can I get?"
600,2025-07-21 13:44:33,financial assistance,I am Parent or Family Member looking for Food Support that offers Education Opportunities
601,2025-07-18 15:49:48,financial assistance,What is SkillsFuture Credit and who can use it?
602,2025-06-19 07:48:48,mental health,I am Child or Youth looking for Mental Health Support
603,2025-07-12 15:35:27,elderly,active ageing
604,2025-06-06 04:51:00,ex-offender,I am Ex-Offender or Incarcerated Individual looking for Mental Health Support that offers Mental Health Support
605,2025-05-12 14:53:18,healthcare,I am looking for scheme that offers Disability Support
606,2025-06-03 09:19:25,ex-offender,I am Ex-Offender or Incarcerated Individual looking for Shelter Services that offers Employment Support
607,2025-08-06 08:32:09,counselling and emotional support,I am Person with Disabilities or Special Needs looking for Disability Support Services
608,2025-08-20 12:40:26,family,I am Homeless or in Need of Shelter
609,2025-07-22 07:16:55,counselling and emotional support,I am Facing Mental Health Challenges looking for Mental Health Support
610,2025-08-04 00:56:25,financial assistance,I am Low-Income Individual or Family looking for Employment Assistance that offers Employment Support
611,2025-08-20 09:34:21,family,i need money and food. my child has to stop vaping too
612,2025-05-25 05:48:14,low income,wecare north east fund
613,2025-07-31 13:25:39,elderly,I am Caregiver looking for Caregiver Support that offers Transport Mobility Support
614,2025-06-18 06:52:51,elderly,where can i find the link to cdc couchers
615,2025-06-02 03:01:17,low income,financial assistance for young family with children
616,2025-07-19 06:23:16,counselling and emotional support,I'm in my 40s and thinking about changing careers. Is there any help for upgrading?
617,2025-05-20 01:43:40,low income,I am Homeless or in Need of Shelter looking for Housing Assistance that offers Housing Assistance
618,2025-07-31 13:32:52,financial assistance,I am Low-Income Individual or Family looking for Financial Assistance Programs that offers Financial Assistance
619,2025-07-22 15:30:55,financial assistance,I'm 60 with high blood pressure and diabetes. I live alone in a 2-room HDB flat and my pension barely covers food and medical bills.
620,2025-07-18 15:42:49,elderly,My elderly mother has dementia and I care for her full-time. I can’t work because of her needs. What help can I get?
621,2025-06-18 07:14:24,low income,Back to school programme for single mothers
622,2025-05-25 06:16:59,mental health,I am Child or Youth looking for Mental Health Support
623,2025-07-18 16:11:31,financial assistance,Can I get free health screening if I'm low-income?
624,2025-06-07 04:42:50,mental health,I am Child or Youth looking for Mental Health Support
625,2025-07-28 11:41:58,elderly,I am elderly need home service
626,2025-05-22 15:46:05,housing,can i apply for idape after elershiled deplted
627,2025-07-22 15:38:11,education support,"My teenage son has learning difficulties. I'm a single parent working part-time, and school fees and costs are really hard to manage."
628,2025-08-20 11:29:04,elderly,I am Elderly (Senior) looking for Food Support that offers Financial Assistance
629,2025-05-30 05:13:51,elderly,I am Woman in Need of Support looking for Caregiver Support that offers Financial Assistance
630,2025-08-04 04:52:51,education support,I am Person with Disabilities or Special Needs looking for Education Programs
631,2025-06-17 13:42:14,elderly,care corner
632,2025-06-07 12:49:41,low income,I am Low-Income Individual or Family looking for Education Programs that offers Education Opportunities
633,2025-06-10 09:11:24,low income,Hi I am poor
634,2025-07-19 06:16:18,elderly,I'm a 67-year-old retiree and feel bored and lonely. I want to do something meaningful.
635,2025-07-13 08:03:38,counselling and emotional support,I am Elderly (Senior) looking for Housing Assistance that offers Education Opportunities
636,2025-07-12 15:00:00,counselling and emotional support,I am In Need of Legal Aid looking for Legal Aid Services that offers Legal Aid Services
637,2025-06-17 08:48:48,family,Support for pregnant mothers seeking abortion
638,2025-06-20 13:31:34,family,i need shelter
639,2025-07-30 22:16:48,financial assistance,I am Low-Income Individual or Family looking for Education Programs that offers Financial Assistance
640,2025-07-18 15:57:20,financial assistance,Can I reapply for MOE bursary if my family's financial situation has changed?
641,2025-08-06 08:53:58,low income,low income family in need of money
642,2025-08-22 09:17:58,counselling and emotional support,ex-offender jobs
643,2025-05-25 06:45:48,mental health,I am Child or Youth looking for Mental Health Support
644,2025-07-18 16:33:10,family,My income is unstable and changes month to month. Can I still get help?
645,2025-07-22 09:11:47,counselling and emotional support,I am Parent or Family Member looking for Family Support Services that offers Legal Aid Services
646,2025-06-28 06:34:08,low income,i am a unemplyoed student with huge medical bills that i need to pay
647,2025-08-04 00:49:38,financial assistance,I am Low-Income Individual or Family looking for Financial Assistance Programs that offers Financial Assistance
648,2025-08-21 15:38:36,family,I am Low-Income Individual or Family looking for Shelter Services that offers Housing Assistance
649,2025-08-22 07:23:30,low income,I am Low-Income Individual or Family looking for Food Support that offers Food Support
650,2025-06-23 00:35:03,family,I am looking for professional development
651,2025-07-19 05:54:59,counselling and emotional support,I think I have anxiety but I don't want to spend a lot to see someone. What can I do?
652,2025-07-19 05:40:41,education support,I'm 35 and want to study part-time while working. I'm worried about course fees.
653,2025-07-18 15:00:14,financial assistance,"I’m 67 years old, living alone in a public rental flat with no family support. I rely on occasional cleaning jobs but have no fixed income. Are there any schemes that provides financial aid for daily expenses for someone in my position?
"
654,2025-08-18 13:04:45,counselling and emotional support,I am Child or Youth looking for Family Support Services that offers Financial Assistance
655,2025-05-29 03:35:05,family,I am Low-Income Individual or Family looking for Disability Support Services that offers Financial Assistance
656,2025-08-20 09:34:47,financial assistance,i need money and food. my aunt has diabetes
657,2025-07-25 07:13:50,elderly,I am Caregiver looking for Caregiver Support that offers Caregiver Assistance
658,2025-05-20 01:44:05,mental health,I am depressed
659,2025-06-25 09:01:00,low income,I am Low-Income Individual or Family looking for Financial Assistance Programs that offers Financial Assistance
660,2025-07-22 15:09:53,elderly,I am Elderly (Senior) looking for Transport Services
661,2025-07-16 02:52:32,counselling and emotional support,children abusing parents
662,2025-06-04 03:20:52,elderly,Introduce your self
663,2025-07-07 04:21:58,financial assistance,I am Migrant or Foreign Worker
664,2025-05-20 06:09:00,low income,i have a dependent with intellectual disability an di require support to care for him
665,2025-05-24 14:53:58,low income,Financial and employment assistance
666,2025-07-05 07:37:37,low income,I am a handicapped person in need of fa
667,2025-06-13 07:27:55,low income,I am Low-Income Individual or Family looking for Food Support
668,2025-07-19 05:19:21,financial assistance,"I'm 60, married, but our combined part-time wages are only around $1,800. We can't keep up with bills or medical costs."
669,2025-06-07 04:43:16,mental health,I am looking for Mental Health Support
670,2025-07-24 07:43:45,financial assistance,I am looking for Employment Assistance that offers Employment Support
671,2025-06-02 03:01:50,family,"I am 50 years old and just got retrenched, I take care of 2 children in secondary school"
672,2025-07-22 15:24:16,counselling and emotional support,"client needs mental health help, stays 312062"
673,2025-06-02 03:09:01,family,"resources for first time young parents, single parents"
674,2025-06-28 04:11:14,low income,i am looking for a job
675,2025-08-01 06:37:02,counselling and emotional support,to help with life
676,2025-07-19 06:23:49,financial assistance,I'm a single mum working part-time. I want to study to get a better job. Can I get help?
677,2025-05-20 01:44:14,healthcare,I am Parent or Family Member looking for Financial Assistance Programs to care for elderly bedbound patient
678,2025-05-25 06:03:11,low income,I am looking for Food Support
679,2025-07-30 22:02:52,elderly,I am Elderly (Senior) looking for Caregiver Support that offers Financial Assistance
680,2025-07-23 11:26:56,financial assistance,I am Parent or Family Member looking for Caregiver Support that offers Financial Assistance
681,2025-07-18 15:43:24,financial assistance,I'm caring for my elderly mother who can't bathe or move on her own. I can't work full-time because of this.
682,2025-07-19 04:43:40,financial assistance,Is the MOE bursary only for Singapore Citizens?
683,2025-06-24 02:00:03,education,I am looking for Education Programs
684,2025-06-18 06:53:30,mental health,I am Facing End-of-Life or Terminal Illness where can I find support 
685,2025-06-06 04:51:44,ex-offender,I am Ex-Offender or Incarcerated Individual looking for Mental Health Support that offers befriend
686,2025-07-22 09:26:29,counselling and emotional support,I am Parent or Family Member looking for Family Support Services that offers Legal Aid Services
687,2025-07-06 00:05:39,low income,I am Low-Income Individual or Family looking for Housing Assistance that offers Housing Assistance
688,2025-07-22 12:03:59,counselling and emotional support,I am Elderly (Senior) looking for Mental Health Support
689,2025-06-06 03:47:21,elderly,active ageing center
690,2025-06-10 13:36:45,low income,I am Low-Income Individual or Family looking for Financial Assistance Programs to afford internet connection
691,2025-06-04 00:22:10,education,school fees
692,2025-05-15 03:59:10,elderly,"60 year old caring for an elderly spouse, caregiver support, living in toa payoh"
693,2025-08-01 16:09:52,counselling and emotional support,I am Child or Youth looking for Housing Assistance
694,2025-06-11 02:37:03,low income,I am a student in need of academic resources help I have no money 
695,2025-07-19 05:48:13,counselling and emotional support,I'm 68 and living alone. My kids are busy with their own lives. I feel very lonely. Is there anything for people like me?
696,2025-07-25 07:14:11,elderly,I am Elderly (Senior) looking for Caregiver Support that offers Caregiver Assistance
697,2025-06-11 02:29:57,low income,I am a secondary school student in need of financial aid and resources and a good environment 
698,2025-07-18 16:19:23,financial assistance,"I'm Malay, low-income, I need financial assistance for my kids education. Are there specific schemes for us?"
699,2025-06-13 00:54:31,elderly,I am Elderly (Senior) looking for Financial Assistance Programs that offers Financial Assistance
700,2025-07-29 05:57:54,elderly,i need help with caregiving of my elderly parents and adult with low mental capacity. home is messy
701,2025-08-08 05:38:54,financial assistance,I am looking for scheme that offers Financial Assistance
702,2025-07-18 15:15:00,financial assistance,I'm 60 with high blood pressure and diabetes. I live alone in a 2-room HDB flat and my pension barely covers food and medical bills.
703,2025-08-01 06:37:19,counselling and emotional support,to help me
704,2025-07-18 15:50:49,financial assistance,Can MediSave be used to pay for outpatient cancer treatments?
705,2025-05-27 11:01:43,family,I am Child or Youth looking for Housing Assistance that offers Housing Assistance
706,2025-08-24 09:37:41,financial assistance,I am Parent or Family Member looking for Healthcare Services
707,2025-06-21 08:01:46,healthcare,I am a cancer patient who needs some food criterias
708,2025-07-19 04:58:15,children,My child is in childcare and I'm a single mum working part-time. I can't afford the fees anymore.
709,2025-06-04 00:22:23,transport,transport fund
710,2025-06-26 07:55:55,mental health,I am Child or Youth looking for Mental Health Support
711,2025-08-01 06:37:26,counselling and emotional support,to help her
712,2025-06-04 03:21:22,elderly,hi
713,2025-05-25 05:20:37,mental health,care corner mental health for kids
714,2025-07-18 15:07:59,financial assistance,I'm a single mum working part-time and can’t manage paying childcare fees anymore. What can I do?
715,2025-06-06 03:47:40,youth,I am Child or Youth
716,2025-08-01 07:56:13,counselling and emotional support,I am Dealing with Addictions or Recovery looking for scheme that offers Addiction Recovery Services
717,2025-08-08 05:39:04,counselling and emotional support,carecorner
718,2025-06-17 13:43:05,mental health,care corner individuals mental health emotional anxiety
719,2025-08-19 15:27:20,financial assistance,I need more money
720,2025-06-28 08:43:42,elderly,carecorner
721,2025-07-19 05:55:39,counselling and emotional support,I'm trying to quit drinking but it's really hard on my own. Are there any support groups?
722,2025-05-15 04:13:47,mental health,"What mental health services are available for a 40plus year old male, who has a history of substance abuse but has been clean for a few years, but struggles with hallucinations. He is seeing a psychiatrist for treatment but has no official diagnosis."
